<?xml version="1.0"?>
<?xml-stylesheet type="text/xsl" href="configuration.xsl"?>

<!-- Licensed to the Apache Software Foundation (ASF) under one or more       -->
<!-- contributor license agreements.  See the NOTICE file distributed with    -->
<!-- this work for additional information regarding copyright ownership.      -->
<!-- The ASF licenses this file to You under the Apache License, Version 2.0  -->
<!-- (the "License"); you may not use this file except in compliance with     -->
<!-- the License.  You may obtain a copy of the License at                    -->
<!--                                                                          -->
<!--     http://www.apache.org/licenses/LICENSE-2.0                           -->
<!--                                                                          -->
<!-- Unless required by applicable law or agreed to in writing, software      -->
<!-- distributed under the License is distributed on an "AS IS" BASIS,        -->
<!-- WITHOUT WARRANTIES OR CONDITIONS OF ANY KIND, either express or implied. -->
<!-- See the License for the specific language governing permissions and      -->
<!-- limitations under the License.                                           -->

<configuration>

<!-- Hive Configuration can either be stored in this file or in the hadoop configuration files  -->
<!-- that are implied by Hadoop setup variables.                                                -->
<!-- Aside from Hadoop setup variables - this file is provided as a convenience so that Hive    -->
<!-- users do not have to edit hadoop configuration files (that may be managed as a centralized -->
<!-- resource).                                                                                 -->

<!-- Hive Execution Parameters -->

<property>
  <name>hbase.master</name>
  <value></value>
  <description>http://wiki.apache.org/hadoop/Hive/HBaseIntegration</description>
</property>

<property>
  <name>hbase.zookeeper.quorum</name>
  <value>ip-172-31-30-90.us-west-2.compute.internal</value>
  <description>http://wiki.apache.org/hadoop/Hive/HBaseIntegration</description>
</property>

<property>
  <name>hive.execution.engine</name>
  <value>tez</value>
</property>

  <property>
    <name>fs.defaultFS</name>
    <value>hdfs://ip-172-31-30-90.us-west-2.compute.internal:8020</value>
  </property>


  <property>
    <name>hive.metastore.uris</name>
    <value>thrift://ip-172-31-30-90.us-west-2.compute.internal:9083</value>
    <description>JDBC connect string for a JDBC metastore</description>
  </property>

  <property>
    <name>javax.jdo.option.ConnectionURL</name>
    <value>jdbc:mysql://ip-172-31-30-90.us-west-2.compute.internal:3306/hive?createDatabaseIfNotExist=true</value>
    <description>username to use against metastore database</description>
  </property>

  <property>
    <name>javax.jdo.option.ConnectionDriverName</name>
    <value>org.mariadb.jdbc.Driver</value>
    <description>username to use against metastore database</description>
  </property>

  <property>
    <name>javax.jdo.option.ConnectionUserName</name>
    <value>hive</value>
    <description>username to use against metastore database</description>
  </property>

  <property>
    <name>javax.jdo.option.ConnectionPassword</name>
    <value>5d6HEg2SG2P8cnMr</value>
    <description>password to use against metastore database</description>
  </property>

<property>
   <name>hive.server2.allow.user.substitution</name>
   <value>true</value>
</property>

<property>
   <name>hive.server2.enable.doAs</name>
   <value>true</value>
</property>

<property>
   <name>hive.server2.thrift.port</name>
   <value>10000</value>
</property>

<property>
   <name>hive.server2.thrift.http.port</name>
   <value>10001</value>
</property>


<property>
   <name>hive.metastore.uris</name>
   <value>thrift://ip-172-31-30-90.us-west-2.compute.internal:9083</value>
</property>


<property>
   <name>hive.security.metastore.authorization.manager</name>
   <value>org.apache.hadoop.hive.ql.security.authorization.StorageBasedAuthorizationProvider</value>
</property>

  <property>
    <name>datanucleus.fixedDatastore</name>
    <value>true</value>
  </property>

  <property>
    <name>mapred.reduce.tasks</name>
    <value>-1</value>
  </property>

  <property>
    <name>mapred.max.split.size</name>
    <value>256000000</value>
  </property>

  <property>
    <name>hive.metastore.connect.retries</name>
    <value>15</value>
  </property>

  <property>
    <name>hive.optimize.sort.dynamic.partition</name>
    <value>true</value>
  </property>

  <property>
    <name>hive.async.log.enabled</name>
    <value>false</value>
  </property>

  <property>
    <name>fs.s3a.access.key</name>
    <value>AKIAJ7AIYJR3PW3UNIYA</value>
  </property>

  <property>
    <name>fs.s3.awsAccessKeyId</name>
    <value>AKIAJ7AIYJR3PW3UNIYA</value>
  </property>

  <property>
    <name>fs.s3a.awsAccessKeyId</name>
    <value>AKIAJ7AIYJR3PW3UNIYA</value>
  </property>

  <property>
    <name>fs.s3a.awsSecretAccessKey</name>
    <value>5TWR5UoeuZxZxWKZNx0CzfCIL/W0WylCnOeboAFK</value>
  </property>

  <property>
    <name>fs.s3.awsAccessKey</name>
    <value>5TWR5UoeuZxZxWKZNx0CzfCIL/W0WylCnOeboAFK</value>
  </property>

  <property>
    <name>fs.s3a.endpoint</name>
    <value>s3.amazonaws.com</value>
  </property>

  <property>
    <name>fs.s3a.secret.key</name>
    <value>5TWR5UoeuZxZxWKZNx0CzfCIL/W0WylCnOeboAFK</value>
  </property>

 
</configuration>
